target_sequence,genename,casI_count,casI_nc_count,seqname,casI_nc_frac,casI_frac,up_ratio
GAGAAGGATGGAAATTAGAA,nc_sgRNA1,640771,120522,nc,0.03539376525618646,0.05653511247008568,1.5973183994659603
CTTAATTGGTAAAATTGCCC,FLNA,345519,69234,chrX,0.020331988713652393,0.030485080513243473,1.49936540603987
ACCAGGAGGATCAGCCTTTT,TCEAL8,645073,139833,chrX,0.041064837764626556,0.056914677172368255,1.3859710708852435
CTTCCTTCTGGTATGGAAAT,GLA,280605,62617,chrX,0.01838877050701638,0.0247577297266393,1.3463504652033584
TTGCATTCCAAAAAGGCGAA,PLP2,633105,141774,chrX,0.04163485235418081,0.05585874264030924,1.3416342194546085
GGAAGGGAAACACAACTACA,ARMCX3,708061,162258,chrX,0.047650400449198514,0.062472097318201567,1.3110508354448123
TTTACGATCTAGCGGCGTAG,nc_sgRNA2,731761,175493,nc,0.051537130533047336,0.06456314414388661,1.252750075064551
GAAAGGCGAATAAATACTCC,TCEAL8,518985,125899,chrX,0.036972831947599774,0.04578995514042835,1.238475732811724
CTAAGAAGACAGCCTGGGCC,CCDC120,685479,175928,chrX,0.05166487723395208,0.06047969143560158,1.1706152162470786
CGCGCACCACGGGCGCGCAC,nc_sgRNA3,267976,75862,nc,0.022278437296633126,0.023643475281003166,1.0612717115745067
GGTTTCTGGTATTGTTACAG,ARMCX6,372462,108995,chrX,0.032008624517499244,0.032862256657734276,1.0266688167049587
TGCCCCTCCTGGGCAGGGGG,DUSP9,296742,87613,chrX,0.025729360244521868,0.026181494394406372,1.01757269304746
AGGAATAGTGACTGACGTGG,TIMP1,741714,224112,chrX,0.06581510030612221,0.06544129558085046,0.9943203805276738
GAGTAATAAGGCCTGGTGTG,ARMCX3,695384,219990,chrX,0.0646045901885835,0.06135360784101974,0.9496787714607583
GGACTGGGCCGGGGGAAATG,TIMP1,291057,92781,chrX,0.027247049785385544,0.025679907845713567,0.94248397709052
GGGAGGTGGAGGGAGACGCC,DUSP9,447235,142815,chrX,0.04194056342462181,0.03945946527785865,0.9408425175016463
GCCACTGGGGCACCGCGGCG,GPC3,657303,224979,chrX,0.06606971269620131,0.05799372791828083,0.8777657046118076
CTGAGCACCCTGAGTGGACC,CCDC120,194582,67009,chrX,0.019678571680289067,0.017167935587993545,0.8724177682666732
TCTCGGGGGGCGGCGTCGCC,FLNA,305275,127602,chrX,0.03747295293987741,0.026934359481476853,0.7187680011418115
GGGGATTCGGGAGCACTACG,G6PD,547330,230574,chrX,0.06771279957335538,0.04829082949798289,0.7131713620209712
GGCGGGGAAACCGGACAGTA,G6PD,627349,297110,chrX,0.0872524650708216,0.055350891774121766,0.6343762520542454
AGGGCCCACTGTGGGGGTTG,ARMCX6,695559,329879,chrX,0.09687575620173525,0.06136904806019674,0.6334820027871688
TTCTAAGCTGAAGCTGTCTC,PLP2,4709,2297,chrX,6.745613148923874e-4,4.15474240597083e-4,0.6159176807572541
