target_sequence,genename,casA_count,casA_nc_count,seqname,casA_nc_frac,casA_frac,up_ratio
GGAGGAGCTGGCTACAAGCT,CXCR3,592219,603452,chrX,0.0345718348729288,0.17568384567372386,5.081704408211544
GATCAGGTCGGGGGATGGGG,TLR7,475423,691092,chrX,0.03959274060903289,0.14103590219452403,3.562165690605095
GTGACTGGGTGAAACCTCTC,CXCR3,289005,655902,chrX,0.03757670143909333,0.0857343479674488,2.2815825946407884
GCTAAGTCCTCTAGGAGATT,IL2RG,144695,354680,chrX,0.020319658220919624,0.04292427978460582,2.1124508748092103
TCTAGATATGTCGGTTGTCA,P2RY10,117928,432246,chrX,0.024763423331903754,0.03498375525373368,1.4127188630120717
CAAAGAGGAAAATGAGTGAC,ARMCX1,130895,548626,chrX,0.03143084699196529,0.03883046133180814,1.2354252286530625
CCGCCGTCTTGGGTTGCGGG,GAB3,162972,823111,chrX,0.047156124387840795,0.048346216006474166,1.025237265235059
ACTTGGACCTGACTCCCCGC,ITM2A,102461,572526,chrX,0.03280008075614703,0.030395415397978486,0.9266872122649306
CGCGCACCACGGGCGCGCAC,nc_sgRNA1,63479,369975,nc,0.02119591053988028,0.018831268229358256,0.8884387483107682
AGAGAGGGGGGAAAAGGAGA,SHROOM4,107329,649418,chrX,0.03720523232917892,0.03183952468987842,0.8557808323349095
GTGGTGAATTTGCCTTTCTT,ARMCX1,70597,430032,chrX,0.02463658301584106,0.020942847921170855,0.8500711282771977
GCCCCAGCTCCGGGTGTAGC,NHSL2,97961,650154,chrX,0.03724739785430184,0.029060474598153155,0.7802014710350257
TTTACGATCTAGCGGCGTAG,nc_sgRNA2,100590,787216,nc,0.045099695686363656,0.02984037667876222,0.6616536148332538
GAGAAAACAGTCATAGTCAG,ITM2A,58090,457213,chrX,0.026193785649490594,0.017232602458189653,0.657888962244172
CGACATGAGACAACAAGGTA,SASH3,103859,828472,chrX,0.04746325669787336,0.030810137006457555,0.6491365984972126
AATCTCTGGAGACTGAAGCT,SASH3,72044,576084,chrX,0.03300391898765157,0.02137210555169247,0.647562659443227
AATGACACGGAGCTGGAGAA,SHROOM4,63318,518286,chrX,0.029692664882958013,0.018783507014075617,0.6325975485230474
GGAAGGAGATAGGGTGAGGA,P2RY10,56582,467041,chrX,0.026756832906159135,0.016785248963492632,0.6273257011531005
TGGTAAACAGAAACTAAAGC,IL2RG,67901,573372,chrX,0.032848548193992126,0.020143070055319946,0.6132103597505121
TATTTAAGCCACCCCAGATA,TLR7,45536,409650,chrX,0.02346889587853762,0.013508414280188055,0.5755879761067729
GGTATGTGGACCCACTACGT,SH2D1A,49574,455995,chrX,0.026124006288621417,0.014706301157897984,0.5629420309971165
AGCACAGTCAATTAATGATT,TLR8,51969,478064,chrX,0.027388341851036762,0.015416786316916132,0.5628959358243348
GGAGCTGCAGTTGCTCGAAG,GAB3,56398,649797,chrX,0.0372269452830126,0.01673066471745533,0.4494235181066513
CAAGTTGTACATGTCTCTGT,SH2D1A,36395,494271,chrX,0.02831684275547582,0.0107967045354762,0.38128207401894654
TACCCATATCATTCACTTCC,CD40LG,58124,820635,chrX,0.04701427406147619,0.017242688677566113,0.366754331993289
TTCGTAGGAACTAAACTGTA,nc_sgRNA3,63756,968047,nc,0.055459524590579054,0.018913441251925282,0.341031434934769
GGATCTAGCTACCTCAAAAG,nc_sgRNA4,50789,805078,nc,0.04612301173221362,0.015066735173850824,0.3266641662805334
GAGAAGGATGGAAATTAGAA,nc_sgRNA5,42306,718568,nc,0.04116684382680098,0.01255022343942454,0.3048624153026258
CCAGCAAAAACGTTACGTAA,CD40LG,38741,666015,chrX,0.03815607637872387,0.011492653672451806,0.3012011391941809
